time,mBPAG_C,mBPAG_C_Sd
24,883.6577000000001,338.09512
