time,fBPAG_C,fBPAG_C_Sd
24,4532.334940000001,1905.22262
